{
  "added_tokens_decoder": {
    "0": {
      "content": "<cls>",
      "lstrip": false,
      "normalized": false,
      "rstrip": false,
      "single_word": false,
      "special": true
    },
    "1": {
      "content": "<pad>",
      "lstrip": false,
      "normalized": false,
      "rstrip": false,
      "single_word": false,
      "special": true
    },
    "2": {
      "content": "<eos>",
      "lstrip": false,
      "normalized": false,
      "rstrip": false,
      "single_word": false,
      "special": true
    },
    "3": {
      "content": "<unk>",
      "lstrip": false,
      "normalized": false,
      "rstrip": false,
      "single_word": false,
      "special": true
    },
    "31": {
      "content": "|",
      "lstrip": false,
      "normalized": false,
      "rstrip": false,
      "single_word": false,
      "special": true
    },
    "32": {
      "content": "<mask>",
      "lstrip": false,
      "normalized": false,
      "rstrip": false,
      "single_word": false,
      "special": true
    }
  },
  "additional_special_tokens": [
    "|"
  ],
  "bos_token": "<cls>",
  "clean_up_tokenization_spaces": false,
  "cls_token": "<cls>",
  "eos_token": "<eos>",
  "extra_special_tokens": {},
  "mask_token": "<mask>",
  "model_max_length": 1000000000000000019884624838656,
  "pad_token": "<pad>",
  "tokenizer_class": "EsmSequenceTokenizer",
  "unk_token": "<unk>"
}
